image,label
image_0006,Ariel_Sharon
image_0007,Ariel_Sharon
image_0008,Ariel_Sharon
image_0009,Ariel_Sharon
image_0010,Ariel_Sharon
image_0011,Ariel_Sharon
image_0012,Ariel_Sharon
image_0013,Ariel_Sharon
image_0014,Ariel_Sharon
image_0015,Ariel_Sharon
image_0016,Ariel_Sharon
image_0017,Ariel_Sharon
image_0018,Ariel_Sharon
image_0019,Ariel_Sharon
image_0020,Ariel_Sharon
image_0021,Ariel_Sharon
image_0022,Ariel_Sharon
image_0023,Ariel_Sharon
image_0024,Ariel_Sharon
image_0025,Ariel_Sharon
image_0026,Ariel_Sharon
image_0027,Ariel_Sharon
image_0028,Ariel_Sharon
image_0029,Ariel_Sharon
image_0030,Ariel_Sharon
image_0031,Ariel_Sharon
image_0032,Ariel_Sharon
image_0033,Ariel_Sharon
image_0034,Ariel_Sharon
image_0035,Ariel_Sharon
image_0036,Ariel_Sharon
image_0037,Ariel_Sharon
image_0038,Ariel_Sharon
image_0039,Ariel_Sharon
image_0040,Ariel_Sharon
image_0041,Ariel_Sharon
image_0042,Ariel_Sharon
image_0043,Ariel_Sharon
image_0044,Ariel_Sharon
image_0045,Ariel_Sharon
image_0046,Ariel_Sharon
image_0047,Ariel_Sharon
image_0048,Ariel_Sharon
image_0049,Ariel_Sharon
image_0050,Ariel_Sharon
image_0051,Ariel_Sharon
image_0052,Ariel_Sharon
image_0053,Ariel_Sharon
image_0054,Ariel_Sharon
image_0055,Ariel_Sharon
image_0056,Ariel_Sharon
image_0057,Ariel_Sharon
image_0058,Ariel_Sharon
image_0059,Ariel_Sharon
image_0060,Ariel_Sharon
image_0061,Ariel_Sharon
image_0062,Ariel_Sharon
image_0063,Ariel_Sharon
image_0064,Ariel_Sharon
image_0065,Ariel_Sharon
image_0066,Ariel_Sharon
image_0067,Ariel_Sharon
image_0068,Ariel_Sharon
image_0069,Ariel_Sharon
image_0070,Ariel_Sharon
image_0071,Ariel_Sharon
image_0072,Ariel_Sharon
image_0073,Ariel_Sharon
image_0074,Ariel_Sharon
image_0075,Ariel_Sharon
image_0076,Ariel_Sharon
image_0077,Ariel_Sharon
image_0006,Colin_Powell
image_0007,Colin_Powell
image_0008,Colin_Powell
image_0009,Colin_Powell
image_0010,Colin_Powell
image_0011,Colin_Powell
image_0012,Colin_Powell
image_0013,Colin_Powell
image_0014,Colin_Powell
image_0015,Colin_Powell
image_0016,Colin_Powell
image_0017,Colin_Powell
image_0018,Colin_Powell
image_0019,Colin_Powell
image_0020,Colin_Powell
image_0021,Colin_Powell
image_0022,Colin_Powell
image_0023,Colin_Powell
image_0024,Colin_Powell
image_0025,Colin_Powell
image_0026,Colin_Powell
image_0027,Colin_Powell
image_0028,Colin_Powell
image_0029,Colin_Powell
image_0030,Colin_Powell
image_0031,Colin_Powell
image_0032,Colin_Powell
image_0033,Colin_Powell
image_0034,Colin_Powell
image_0035,Colin_Powell
image_0036,Colin_Powell
image_0037,Colin_Powell
image_0038,Colin_Powell
image_0039,Colin_Powell
image_0040,Colin_Powell
image_0041,Colin_Powell
image_0042,Colin_Powell
image_0043,Colin_Powell
image_0044,Colin_Powell
image_0045,Colin_Powell
image_0046,Colin_Powell
image_0047,Colin_Powell
image_0048,Colin_Powell
image_0049,Colin_Powell
image_0050,Colin_Powell
image_0051,Colin_Powell
image_0052,Colin_Powell
image_0053,Colin_Powell
image_0054,Colin_Powell
image_0055,Colin_Powell
image_0056,Colin_Powell
image_0057,Colin_Powell
image_0058,Colin_Powell
image_0059,Colin_Powell
image_0060,Colin_Powell
image_0061,Colin_Powell
image_0062,Colin_Powell
image_0063,Colin_Powell
image_0064,Colin_Powell
image_0065,Colin_Powell
image_0066,Colin_Powell
image_0067,Colin_Powell
image_0068,Colin_Powell
image_0069,Colin_Powell
image_0070,Colin_Powell
image_0071,Colin_Powell
image_0072,Colin_Powell
image_0073,Colin_Powell
image_0074,Colin_Powell
image_0075,Colin_Powell
image_0076,Colin_Powell
image_0077,Colin_Powell
image_0078,Colin_Powell
image_0079,Colin_Powell
image_0080,Colin_Powell
image_0081,Colin_Powell
image_0082,Colin_Powell
image_0083,Colin_Powell
image_0084,Colin_Powell
image_0085,Colin_Powell
image_0086,Colin_Powell
image_0087,Colin_Powell
image_0088,Colin_Powell
image_0089,Colin_Powell
image_0090,Colin_Powell
image_0091,Colin_Powell
image_0092,Colin_Powell
image_0093,Colin_Powell
image_0094,Colin_Powell
image_0095,Colin_Powell
image_0096,Colin_Powell
image_0097,Colin_Powell
image_0098,Colin_Powell
image_0099,Colin_Powell
image_0100,Colin_Powell
image_0101,Colin_Powell
image_0102,Colin_Powell
image_0103,Colin_Powell
image_0104,Colin_Powell
image_0105,Colin_Powell
image_0106,Colin_Powell
image_0107,Colin_Powell
image_0108,Colin_Powell
image_0109,Colin_Powell
image_0110,Colin_Powell
image_0111,Colin_Powell
image_0112,Colin_Powell
image_0113,Colin_Powell
image_0114,Colin_Powell
image_0115,Colin_Powell
image_0116,Colin_Powell
image_0117,Colin_Powell
image_0118,Colin_Powell
image_0119,Colin_Powell
image_0120,Colin_Powell
image_0121,Colin_Powell
image_0122,Colin_Powell
image_0123,Colin_Powell
image_0124,Colin_Powell
image_0125,Colin_Powell
image_0126,Colin_Powell
image_0127,Colin_Powell
image_0128,Colin_Powell
image_0129,Colin_Powell
image_0130,Colin_Powell
image_0131,Colin_Powell
image_0132,Colin_Powell
image_0133,Colin_Powell
image_0134,Colin_Powell
image_0135,Colin_Powell
image_0136,Colin_Powell
image_0137,Colin_Powell
image_0138,Colin_Powell
image_0139,Colin_Powell
image_0140,Colin_Powell
image_0141,Colin_Powell
image_0142,Colin_Powell
image_0143,Colin_Powell
image_0144,Colin_Powell
image_0145,Colin_Powell
image_0146,Colin_Powell
image_0147,Colin_Powell
image_0148,Colin_Powell
image_0149,Colin_Powell
image_0150,Colin_Powell
image_0151,Colin_Powell
image_0152,Colin_Powell
image_0153,Colin_Powell
image_0154,Colin_Powell
image_0155,Colin_Powell
image_0156,Colin_Powell
image_0157,Colin_Powell
image_0158,Colin_Powell
image_0159,Colin_Powell
image_0160,Colin_Powell
image_0161,Colin_Powell
image_0162,Colin_Powell
image_0163,Colin_Powell
image_0164,Colin_Powell
image_0165,Colin_Powell
image_0166,Colin_Powell
image_0167,Colin_Powell
image_0168,Colin_Powell
image_0169,Colin_Powell
image_0170,Colin_Powell
image_0171,Colin_Powell
image_0172,Colin_Powell
image_0173,Colin_Powell
image_0174,Colin_Powell
image_0175,Colin_Powell
image_0176,Colin_Powell
image_0177,Colin_Powell
image_0178,Colin_Powell
image_0179,Colin_Powell
image_0180,Colin_Powell
image_0181,Colin_Powell
image_0182,Colin_Powell
image_0183,Colin_Powell
image_0184,Colin_Powell
image_0185,Colin_Powell
image_0186,Colin_Powell
image_0187,Colin_Powell
image_0188,Colin_Powell
image_0189,Colin_Powell
image_0190,Colin_Powell
image_0191,Colin_Powell
image_0192,Colin_Powell
image_0193,Colin_Powell
image_0194,Colin_Powell
image_0195,Colin_Powell
image_0196,Colin_Powell
image_0197,Colin_Powell
image_0198,Colin_Powell
image_0199,Colin_Powell
image_0200,Colin_Powell
image_0201,Colin_Powell
image_0202,Colin_Powell
image_0203,Colin_Powell
image_0204,Colin_Powell
image_0205,Colin_Powell
image_0206,Colin_Powell
image_0207,Colin_Powell
image_0208,Colin_Powell
image_0209,Colin_Powell
image_0210,Colin_Powell
image_0211,Colin_Powell
image_0212,Colin_Powell
image_0213,Colin_Powell
image_0214,Colin_Powell
image_0215,Colin_Powell
image_0216,Colin_Powell
image_0217,Colin_Powell
image_0218,Colin_Powell
image_0219,Colin_Powell
image_0220,Colin_Powell
image_0221,Colin_Powell
image_0222,Colin_Powell
image_0223,Colin_Powell
image_0224,Colin_Powell
image_0225,Colin_Powell
image_0226,Colin_Powell
image_0227,Colin_Powell
image_0228,Colin_Powell
image_0229,Colin_Powell
image_0230,Colin_Powell
image_0231,Colin_Powell
image_0232,Colin_Powell
image_0233,Colin_Powell
image_0234,Colin_Powell
image_0235,Colin_Powell
image_0236,Colin_Powell
image_0006,Donald_Rumsfeld
image_0007,Donald_Rumsfeld
image_0008,Donald_Rumsfeld
image_0009,Donald_Rumsfeld
image_0010,Donald_Rumsfeld
image_0011,Donald_Rumsfeld
image_0012,Donald_Rumsfeld
image_0013,Donald_Rumsfeld
image_0014,Donald_Rumsfeld
image_0015,Donald_Rumsfeld
image_0016,Donald_Rumsfeld
image_0017,Donald_Rumsfeld
image_0018,Donald_Rumsfeld
image_0019,Donald_Rumsfeld
image_0020,Donald_Rumsfeld
image_0021,Donald_Rumsfeld
image_0022,Donald_Rumsfeld
image_0023,Donald_Rumsfeld
image_0024,Donald_Rumsfeld
image_0025,Donald_Rumsfeld
image_0026,Donald_Rumsfeld
image_0027,Donald_Rumsfeld
image_0028,Donald_Rumsfeld
image_0029,Donald_Rumsfeld
image_0030,Donald_Rumsfeld
image_0031,Donald_Rumsfeld
image_0032,Donald_Rumsfeld
image_0033,Donald_Rumsfeld
image_0034,Donald_Rumsfeld
image_0035,Donald_Rumsfeld
image_0036,Donald_Rumsfeld
image_0037,Donald_Rumsfeld
image_0038,Donald_Rumsfeld
image_0039,Donald_Rumsfeld
image_0040,Donald_Rumsfeld
image_0041,Donald_Rumsfeld
image_0042,Donald_Rumsfeld
image_0043,Donald_Rumsfeld
image_0044,Donald_Rumsfeld
image_0045,Donald_Rumsfeld
image_0046,Donald_Rumsfeld
image_0047,Donald_Rumsfeld
image_0048,Donald_Rumsfeld
image_0049,Donald_Rumsfeld
image_0050,Donald_Rumsfeld
image_0051,Donald_Rumsfeld
image_0052,Donald_Rumsfeld
image_0053,Donald_Rumsfeld
image_0054,Donald_Rumsfeld
image_0055,Donald_Rumsfeld
image_0056,Donald_Rumsfeld
image_0057,Donald_Rumsfeld
image_0058,Donald_Rumsfeld
image_0059,Donald_Rumsfeld
image_0060,Donald_Rumsfeld
image_0061,Donald_Rumsfeld
image_0062,Donald_Rumsfeld
image_0063,Donald_Rumsfeld
image_0064,Donald_Rumsfeld
image_0065,Donald_Rumsfeld
image_0066,Donald_Rumsfeld
image_0067,Donald_Rumsfeld
image_0068,Donald_Rumsfeld
image_0069,Donald_Rumsfeld
image_0070,Donald_Rumsfeld
image_0071,Donald_Rumsfeld
image_0072,Donald_Rumsfeld
image_0073,Donald_Rumsfeld
image_0074,Donald_Rumsfeld
image_0075,Donald_Rumsfeld
image_0076,Donald_Rumsfeld
image_0077,Donald_Rumsfeld
image_0078,Donald_Rumsfeld
image_0079,Donald_Rumsfeld
image_0080,Donald_Rumsfeld
image_0081,Donald_Rumsfeld
image_0082,Donald_Rumsfeld
image_0083,Donald_Rumsfeld
image_0084,Donald_Rumsfeld
image_0085,Donald_Rumsfeld
image_0086,Donald_Rumsfeld
image_0087,Donald_Rumsfeld
image_0088,Donald_Rumsfeld
image_0089,Donald_Rumsfeld
image_0090,Donald_Rumsfeld
image_0091,Donald_Rumsfeld
image_0092,Donald_Rumsfeld
image_0093,Donald_Rumsfeld
image_0094,Donald_Rumsfeld
image_0095,Donald_Rumsfeld
image_0096,Donald_Rumsfeld
image_0097,Donald_Rumsfeld
image_0098,Donald_Rumsfeld
image_0099,Donald_Rumsfeld
image_0100,Donald_Rumsfeld
image_0101,Donald_Rumsfeld
image_0102,Donald_Rumsfeld
image_0103,Donald_Rumsfeld
image_0104,Donald_Rumsfeld
image_0105,Donald_Rumsfeld
image_0106,Donald_Rumsfeld
image_0107,Donald_Rumsfeld
image_0108,Donald_Rumsfeld
image_0109,Donald_Rumsfeld
image_0110,Donald_Rumsfeld
image_0111,Donald_Rumsfeld
image_0112,Donald_Rumsfeld
image_0113,Donald_Rumsfeld
image_0114,Donald_Rumsfeld
image_0115,Donald_Rumsfeld
image_0116,Donald_Rumsfeld
image_0117,Donald_Rumsfeld
image_0118,Donald_Rumsfeld
image_0119,Donald_Rumsfeld
image_0120,Donald_Rumsfeld
image_0121,Donald_Rumsfeld
image_0006,George_W_Bush
image_0007,George_W_Bush
image_0008,George_W_Bush
image_0009,George_W_Bush
image_0010,George_W_Bush
image_0011,George_W_Bush
image_0012,George_W_Bush
image_0013,George_W_Bush
image_0014,George_W_Bush
image_0015,George_W_Bush
image_0016,George_W_Bush
image_0017,George_W_Bush
image_0018,George_W_Bush
image_0019,George_W_Bush
image_0020,George_W_Bush
image_0021,George_W_Bush
image_0022,George_W_Bush
image_0023,George_W_Bush
image_0024,George_W_Bush
image_0025,George_W_Bush
image_0026,George_W_Bush
image_0027,George_W_Bush
image_0028,George_W_Bush
image_0029,George_W_Bush
image_0030,George_W_Bush
image_0031,George_W_Bush
image_0032,George_W_Bush
image_0033,George_W_Bush
image_0034,George_W_Bush
image_0035,George_W_Bush
image_0036,George_W_Bush
image_0037,George_W_Bush
image_0038,George_W_Bush
image_0039,George_W_Bush
image_0040,George_W_Bush
image_0041,George_W_Bush
image_0042,George_W_Bush
image_0043,George_W_Bush
image_0044,George_W_Bush
image_0045,George_W_Bush
image_0046,George_W_Bush
image_0047,George_W_Bush
image_0048,George_W_Bush
image_0049,George_W_Bush
image_0050,George_W_Bush
image_0051,George_W_Bush
image_0052,George_W_Bush
image_0053,George_W_Bush
image_0054,George_W_Bush
image_0055,George_W_Bush
image_0056,George_W_Bush
image_0057,George_W_Bush
image_0058,George_W_Bush
image_0059,George_W_Bush
image_0060,George_W_Bush
image_0061,George_W_Bush
image_0062,George_W_Bush
image_0063,George_W_Bush
image_0064,George_W_Bush
image_0065,George_W_Bush
image_0066,George_W_Bush
image_0067,George_W_Bush
image_0068,George_W_Bush
image_0069,George_W_Bush
image_0070,George_W_Bush
image_0071,George_W_Bush
image_0072,George_W_Bush
image_0073,George_W_Bush
image_0074,George_W_Bush
image_0075,George_W_Bush
image_0076,George_W_Bush
image_0077,George_W_Bush
image_0078,George_W_Bush
image_0079,George_W_Bush
image_0080,George_W_Bush
image_0081,George_W_Bush
image_0082,George_W_Bush
image_0083,George_W_Bush
image_0084,George_W_Bush
image_0085,George_W_Bush
image_0086,George_W_Bush
image_0087,George_W_Bush
image_0088,George_W_Bush
image_0089,George_W_Bush
image_0090,George_W_Bush
image_0091,George_W_Bush
image_0092,George_W_Bush
image_0093,George_W_Bush
image_0094,George_W_Bush
image_0095,George_W_Bush
image_0096,George_W_Bush
image_0097,George_W_Bush
image_0098,George_W_Bush
image_0099,George_W_Bush
image_0100,George_W_Bush
image_0101,George_W_Bush
image_0102,George_W_Bush
image_0103,George_W_Bush
image_0104,George_W_Bush
image_0105,George_W_Bush
image_0106,George_W_Bush
image_0107,George_W_Bush
image_0108,George_W_Bush
image_0109,George_W_Bush
image_0110,George_W_Bush
image_0111,George_W_Bush
image_0112,George_W_Bush
image_0113,George_W_Bush
image_0114,George_W_Bush
image_0115,George_W_Bush
image_0116,George_W_Bush
image_0117,George_W_Bush
image_0118,George_W_Bush
image_0119,George_W_Bush
image_0120,George_W_Bush
image_0121,George_W_Bush
image_0122,George_W_Bush
image_0123,George_W_Bush
image_0124,George_W_Bush
image_0125,George_W_Bush
image_0126,George_W_Bush
image_0127,George_W_Bush
image_0128,George_W_Bush
image_0129,George_W_Bush
image_0130,George_W_Bush
image_0131,George_W_Bush
image_0132,George_W_Bush
image_0133,George_W_Bush
image_0134,George_W_Bush
image_0135,George_W_Bush
image_0136,George_W_Bush
image_0137,George_W_Bush
image_0138,George_W_Bush
image_0139,George_W_Bush
image_0140,George_W_Bush
image_0141,George_W_Bush
image_0142,George_W_Bush
image_0143,George_W_Bush
image_0144,George_W_Bush
image_0145,George_W_Bush
image_0146,George_W_Bush
image_0147,George_W_Bush
image_0148,George_W_Bush
image_0149,George_W_Bush
image_0150,George_W_Bush
image_0151,George_W_Bush
image_0152,George_W_Bush
image_0153,George_W_Bush
image_0154,George_W_Bush
image_0155,George_W_Bush
image_0156,George_W_Bush
image_0157,George_W_Bush
image_0158,George_W_Bush
image_0159,George_W_Bush
image_0160,George_W_Bush
image_0161,George_W_Bush
image_0162,George_W_Bush
image_0163,George_W_Bush
image_0164,George_W_Bush
image_0165,George_W_Bush
image_0166,George_W_Bush
image_0167,George_W_Bush
image_0168,George_W_Bush
image_0169,George_W_Bush
image_0170,George_W_Bush
image_0171,George_W_Bush
image_0172,George_W_Bush
image_0173,George_W_Bush
image_0174,George_W_Bush
image_0175,George_W_Bush
image_0176,George_W_Bush
image_0177,George_W_Bush
image_0178,George_W_Bush
image_0179,George_W_Bush
image_0180,George_W_Bush
image_0181,George_W_Bush
image_0182,George_W_Bush
image_0183,George_W_Bush
image_0184,George_W_Bush
image_0185,George_W_Bush
image_0186,George_W_Bush
image_0187,George_W_Bush
image_0188,George_W_Bush
image_0189,George_W_Bush
image_0190,George_W_Bush
image_0191,George_W_Bush
image_0192,George_W_Bush
image_0193,George_W_Bush
image_0194,George_W_Bush
image_0195,George_W_Bush
image_0196,George_W_Bush
image_0197,George_W_Bush
image_0198,George_W_Bush
image_0199,George_W_Bush
image_0200,George_W_Bush
image_0201,George_W_Bush
image_0202,George_W_Bush
image_0203,George_W_Bush
image_0204,George_W_Bush
image_0205,George_W_Bush
image_0206,George_W_Bush
image_0207,George_W_Bush
image_0208,George_W_Bush
image_0209,George_W_Bush
image_0210,George_W_Bush
image_0211,George_W_Bush
image_0212,George_W_Bush
image_0213,George_W_Bush
image_0214,George_W_Bush
image_0215,George_W_Bush
image_0216,George_W_Bush
image_0217,George_W_Bush
image_0218,George_W_Bush
image_0219,George_W_Bush
image_0220,George_W_Bush
image_0221,George_W_Bush
image_0222,George_W_Bush
image_0223,George_W_Bush
image_0224,George_W_Bush
image_0225,George_W_Bush
image_0226,George_W_Bush
image_0227,George_W_Bush
image_0228,George_W_Bush
image_0229,George_W_Bush
image_0230,George_W_Bush
image_0231,George_W_Bush
image_0232,George_W_Bush
image_0233,George_W_Bush
image_0234,George_W_Bush
image_0235,George_W_Bush
image_0236,George_W_Bush
image_0237,George_W_Bush
image_0238,George_W_Bush
image_0239,George_W_Bush
image_0240,George_W_Bush
image_0241,George_W_Bush
image_0242,George_W_Bush
image_0243,George_W_Bush
image_0244,George_W_Bush
image_0245,George_W_Bush
image_0246,George_W_Bush
image_0247,George_W_Bush
image_0248,George_W_Bush
image_0249,George_W_Bush
image_0250,George_W_Bush
image_0251,George_W_Bush
image_0252,George_W_Bush
image_0253,George_W_Bush
image_0254,George_W_Bush
image_0255,George_W_Bush
image_0256,George_W_Bush
image_0257,George_W_Bush
image_0258,George_W_Bush
image_0259,George_W_Bush
image_0260,George_W_Bush
image_0261,George_W_Bush
image_0262,George_W_Bush
image_0263,George_W_Bush
image_0264,George_W_Bush
image_0265,George_W_Bush
image_0266,George_W_Bush
image_0267,George_W_Bush
image_0268,George_W_Bush
image_0269,George_W_Bush
image_0270,George_W_Bush
image_0271,George_W_Bush
image_0272,George_W_Bush
image_0273,George_W_Bush
image_0274,George_W_Bush
image_0275,George_W_Bush
image_0276,George_W_Bush
image_0277,George_W_Bush
image_0278,George_W_Bush
image_0279,George_W_Bush
image_0280,George_W_Bush
image_0281,George_W_Bush
image_0282,George_W_Bush
image_0283,George_W_Bush
image_0284,George_W_Bush
image_0285,George_W_Bush
image_0286,George_W_Bush
image_0287,George_W_Bush
image_0288,George_W_Bush
image_0289,George_W_Bush
image_0290,George_W_Bush
image_0291,George_W_Bush
image_0292,George_W_Bush
image_0293,George_W_Bush
image_0294,George_W_Bush
image_0295,George_W_Bush
image_0296,George_W_Bush
image_0297,George_W_Bush
image_0298,George_W_Bush
image_0299,George_W_Bush
image_0300,George_W_Bush
image_0301,George_W_Bush
image_0302,George_W_Bush
image_0303,George_W_Bush
image_0304,George_W_Bush
image_0305,George_W_Bush
image_0306,George_W_Bush
image_0307,George_W_Bush
image_0308,George_W_Bush
image_0309,George_W_Bush
image_0310,George_W_Bush
image_0311,George_W_Bush
image_0312,George_W_Bush
image_0313,George_W_Bush
image_0314,George_W_Bush
image_0315,George_W_Bush
image_0316,George_W_Bush
image_0317,George_W_Bush
image_0318,George_W_Bush
image_0319,George_W_Bush
image_0320,George_W_Bush
image_0321,George_W_Bush
image_0322,George_W_Bush
image_0323,George_W_Bush
image_0324,George_W_Bush
image_0325,George_W_Bush
image_0326,George_W_Bush
image_0327,George_W_Bush
image_0328,George_W_Bush
image_0329,George_W_Bush
image_0330,George_W_Bush
image_0331,George_W_Bush
image_0332,George_W_Bush
image_0333,George_W_Bush
image_0334,George_W_Bush
image_0335,George_W_Bush
image_0336,George_W_Bush
image_0337,George_W_Bush
image_0338,George_W_Bush
image_0339,George_W_Bush
image_0340,George_W_Bush
image_0341,George_W_Bush
image_0342,George_W_Bush
image_0343,George_W_Bush
image_0344,George_W_Bush
image_0345,George_W_Bush
image_0346,George_W_Bush
image_0347,George_W_Bush
image_0348,George_W_Bush
image_0349,George_W_Bush
image_0350,George_W_Bush
image_0351,George_W_Bush
image_0352,George_W_Bush
image_0353,George_W_Bush
image_0354,George_W_Bush
image_0355,George_W_Bush
image_0356,George_W_Bush
image_0357,George_W_Bush
image_0358,George_W_Bush
image_0359,George_W_Bush
image_0360,George_W_Bush
image_0361,George_W_Bush
image_0362,George_W_Bush
image_0363,George_W_Bush
image_0364,George_W_Bush
image_0365,George_W_Bush
image_0366,George_W_Bush
image_0367,George_W_Bush
image_0368,George_W_Bush
image_0369,George_W_Bush
image_0370,George_W_Bush
image_0371,George_W_Bush
image_0372,George_W_Bush
image_0373,George_W_Bush
image_0374,George_W_Bush
image_0375,George_W_Bush
image_0376,George_W_Bush
image_0377,George_W_Bush
image_0378,George_W_Bush
image_0379,George_W_Bush
image_0380,George_W_Bush
image_0381,George_W_Bush
image_0382,George_W_Bush
image_0383,George_W_Bush
image_0384,George_W_Bush
image_0385,George_W_Bush
image_0386,George_W_Bush
image_0387,George_W_Bush
image_0388,George_W_Bush
image_0389,George_W_Bush
image_0390,George_W_Bush
image_0391,George_W_Bush
image_0392,George_W_Bush
image_0393,George_W_Bush
image_0394,George_W_Bush
image_0395,George_W_Bush
image_0396,George_W_Bush
image_0397,George_W_Bush
image_0398,George_W_Bush
image_0399,George_W_Bush
image_0400,George_W_Bush
image_0401,George_W_Bush
image_0402,George_W_Bush
image_0403,George_W_Bush
image_0404,George_W_Bush
image_0405,George_W_Bush
image_0406,George_W_Bush
image_0407,George_W_Bush
image_0408,George_W_Bush
image_0409,George_W_Bush
image_0410,George_W_Bush
image_0411,George_W_Bush
image_0412,George_W_Bush
image_0413,George_W_Bush
image_0414,George_W_Bush
image_0415,George_W_Bush
image_0416,George_W_Bush
image_0417,George_W_Bush
image_0418,George_W_Bush
image_0419,George_W_Bush
image_0420,George_W_Bush
image_0421,George_W_Bush
image_0422,George_W_Bush
image_0423,George_W_Bush
image_0424,George_W_Bush
image_0425,George_W_Bush
image_0426,George_W_Bush
image_0427,George_W_Bush
image_0428,George_W_Bush
image_0429,George_W_Bush
image_0430,George_W_Bush
image_0431,George_W_Bush
image_0432,George_W_Bush
image_0433,George_W_Bush
image_0434,George_W_Bush
image_0435,George_W_Bush
image_0436,George_W_Bush
image_0437,George_W_Bush
image_0438,George_W_Bush
image_0439,George_W_Bush
image_0440,George_W_Bush
image_0441,George_W_Bush
image_0442,George_W_Bush
image_0443,George_W_Bush
image_0444,George_W_Bush
image_0445,George_W_Bush
image_0446,George_W_Bush
image_0447,George_W_Bush
image_0448,George_W_Bush
image_0449,George_W_Bush
image_0450,George_W_Bush
image_0451,George_W_Bush
image_0452,George_W_Bush
image_0453,George_W_Bush
image_0454,George_W_Bush
image_0455,George_W_Bush
image_0456,George_W_Bush
image_0457,George_W_Bush
image_0458,George_W_Bush
image_0459,George_W_Bush
image_0460,George_W_Bush
image_0461,George_W_Bush
image_0462,George_W_Bush
image_0463,George_W_Bush
image_0464,George_W_Bush
image_0465,George_W_Bush
image_0466,George_W_Bush
image_0467,George_W_Bush
image_0468,George_W_Bush
image_0469,George_W_Bush
image_0470,George_W_Bush
image_0471,George_W_Bush
image_0472,George_W_Bush
image_0473,George_W_Bush
image_0474,George_W_Bush
image_0475,George_W_Bush
image_0476,George_W_Bush
image_0477,George_W_Bush
image_0478,George_W_Bush
image_0479,George_W_Bush
image_0480,George_W_Bush
image_0481,George_W_Bush
image_0482,George_W_Bush
image_0483,George_W_Bush
image_0484,George_W_Bush
image_0485,George_W_Bush
image_0486,George_W_Bush
image_0487,George_W_Bush
image_0488,George_W_Bush
image_0489,George_W_Bush
image_0490,George_W_Bush
image_0491,George_W_Bush
image_0492,George_W_Bush
image_0493,George_W_Bush
image_0494,George_W_Bush
image_0495,George_W_Bush
image_0496,George_W_Bush
image_0497,George_W_Bush
image_0498,George_W_Bush
image_0499,George_W_Bush
image_0500,George_W_Bush
image_0501,George_W_Bush
image_0502,George_W_Bush
image_0503,George_W_Bush
image_0504,George_W_Bush
image_0505,George_W_Bush
image_0506,George_W_Bush
image_0507,George_W_Bush
image_0508,George_W_Bush
image_0509,George_W_Bush
image_0510,George_W_Bush
image_0511,George_W_Bush
image_0512,George_W_Bush
image_0513,George_W_Bush
image_0514,George_W_Bush
image_0515,George_W_Bush
image_0516,George_W_Bush
image_0517,George_W_Bush
image_0518,George_W_Bush
image_0519,George_W_Bush
image_0520,George_W_Bush
image_0521,George_W_Bush
image_0522,George_W_Bush
image_0523,George_W_Bush
image_0524,George_W_Bush
image_0525,George_W_Bush
image_0526,George_W_Bush
image_0527,George_W_Bush
image_0528,George_W_Bush
image_0529,George_W_Bush
image_0530,George_W_Bush
image_0006,Gerhard_Schroeder
image_0007,Gerhard_Schroeder
image_0008,Gerhard_Schroeder
image_0009,Gerhard_Schroeder
image_0010,Gerhard_Schroeder
image_0011,Gerhard_Schroeder
image_0012,Gerhard_Schroeder
image_0013,Gerhard_Schroeder
image_0014,Gerhard_Schroeder
image_0015,Gerhard_Schroeder
image_0016,Gerhard_Schroeder
image_0017,Gerhard_Schroeder
image_0018,Gerhard_Schroeder
image_0019,Gerhard_Schroeder
image_0020,Gerhard_Schroeder
image_0021,Gerhard_Schroeder
image_0022,Gerhard_Schroeder
image_0023,Gerhard_Schroeder
image_0024,Gerhard_Schroeder
image_0025,Gerhard_Schroeder
image_0026,Gerhard_Schroeder
image_0027,Gerhard_Schroeder
image_0028,Gerhard_Schroeder
image_0029,Gerhard_Schroeder
image_0030,Gerhard_Schroeder
image_0031,Gerhard_Schroeder
image_0032,Gerhard_Schroeder
image_0033,Gerhard_Schroeder
image_0034,Gerhard_Schroeder
image_0035,Gerhard_Schroeder
image_0036,Gerhard_Schroeder
image_0037,Gerhard_Schroeder
image_0038,Gerhard_Schroeder
image_0039,Gerhard_Schroeder
image_0040,Gerhard_Schroeder
image_0041,Gerhard_Schroeder
image_0042,Gerhard_Schroeder
image_0043,Gerhard_Schroeder
image_0044,Gerhard_Schroeder
image_0045,Gerhard_Schroeder
image_0046,Gerhard_Schroeder
image_0047,Gerhard_Schroeder
image_0048,Gerhard_Schroeder
image_0049,Gerhard_Schroeder
image_0050,Gerhard_Schroeder
image_0051,Gerhard_Schroeder
image_0052,Gerhard_Schroeder
image_0053,Gerhard_Schroeder
image_0054,Gerhard_Schroeder
image_0055,Gerhard_Schroeder
image_0056,Gerhard_Schroeder
image_0057,Gerhard_Schroeder
image_0058,Gerhard_Schroeder
image_0059,Gerhard_Schroeder
image_0060,Gerhard_Schroeder
image_0061,Gerhard_Schroeder
image_0062,Gerhard_Schroeder
image_0063,Gerhard_Schroeder
image_0064,Gerhard_Schroeder
image_0065,Gerhard_Schroeder
image_0066,Gerhard_Schroeder
image_0067,Gerhard_Schroeder
image_0068,Gerhard_Schroeder
image_0069,Gerhard_Schroeder
image_0070,Gerhard_Schroeder
image_0071,Gerhard_Schroeder
image_0072,Gerhard_Schroeder
image_0073,Gerhard_Schroeder
image_0074,Gerhard_Schroeder
image_0075,Gerhard_Schroeder
image_0076,Gerhard_Schroeder
image_0077,Gerhard_Schroeder
image_0078,Gerhard_Schroeder
image_0079,Gerhard_Schroeder
image_0080,Gerhard_Schroeder
image_0081,Gerhard_Schroeder
image_0082,Gerhard_Schroeder
image_0083,Gerhard_Schroeder
image_0084,Gerhard_Schroeder
image_0085,Gerhard_Schroeder
image_0086,Gerhard_Schroeder
image_0087,Gerhard_Schroeder
image_0088,Gerhard_Schroeder
image_0089,Gerhard_Schroeder
image_0090,Gerhard_Schroeder
image_0091,Gerhard_Schroeder
image_0092,Gerhard_Schroeder
image_0093,Gerhard_Schroeder
image_0094,Gerhard_Schroeder
image_0095,Gerhard_Schroeder
image_0096,Gerhard_Schroeder
image_0097,Gerhard_Schroeder
image_0098,Gerhard_Schroeder
image_0099,Gerhard_Schroeder
image_0100,Gerhard_Schroeder
image_0101,Gerhard_Schroeder
image_0102,Gerhard_Schroeder
image_0103,Gerhard_Schroeder
image_0104,Gerhard_Schroeder
image_0105,Gerhard_Schroeder
image_0106,Gerhard_Schroeder
image_0107,Gerhard_Schroeder
image_0108,Gerhard_Schroeder
image_0109,Gerhard_Schroeder
image_0006,Hugo_Chavez
image_0007,Hugo_Chavez
image_0008,Hugo_Chavez
image_0009,Hugo_Chavez
image_0010,Hugo_Chavez
image_0011,Hugo_Chavez
image_0012,Hugo_Chavez
image_0013,Hugo_Chavez
image_0014,Hugo_Chavez
image_0015,Hugo_Chavez
image_0016,Hugo_Chavez
image_0017,Hugo_Chavez
image_0018,Hugo_Chavez
image_0019,Hugo_Chavez
image_0020,Hugo_Chavez
image_0021,Hugo_Chavez
image_0022,Hugo_Chavez
image_0023,Hugo_Chavez
image_0024,Hugo_Chavez
image_0025,Hugo_Chavez
image_0026,Hugo_Chavez
image_0027,Hugo_Chavez
image_0028,Hugo_Chavez
image_0029,Hugo_Chavez
image_0030,Hugo_Chavez
image_0031,Hugo_Chavez
image_0032,Hugo_Chavez
image_0033,Hugo_Chavez
image_0034,Hugo_Chavez
image_0035,Hugo_Chavez
image_0036,Hugo_Chavez
image_0037,Hugo_Chavez
image_0038,Hugo_Chavez
image_0039,Hugo_Chavez
image_0040,Hugo_Chavez
image_0041,Hugo_Chavez
image_0042,Hugo_Chavez
image_0043,Hugo_Chavez
image_0044,Hugo_Chavez
image_0045,Hugo_Chavez
image_0046,Hugo_Chavez
image_0047,Hugo_Chavez
image_0048,Hugo_Chavez
image_0049,Hugo_Chavez
image_0050,Hugo_Chavez
image_0051,Hugo_Chavez
image_0052,Hugo_Chavez
image_0053,Hugo_Chavez
image_0054,Hugo_Chavez
image_0055,Hugo_Chavez
image_0056,Hugo_Chavez
image_0057,Hugo_Chavez
image_0058,Hugo_Chavez
image_0059,Hugo_Chavez
image_0060,Hugo_Chavez
image_0061,Hugo_Chavez
image_0062,Hugo_Chavez
image_0063,Hugo_Chavez
image_0064,Hugo_Chavez
image_0065,Hugo_Chavez
image_0066,Hugo_Chavez
image_0067,Hugo_Chavez
image_0068,Hugo_Chavez
image_0069,Hugo_Chavez
image_0070,Hugo_Chavez
image_0071,Hugo_Chavez
image_0006,Jacques_Chirac
image_0007,Jacques_Chirac
image_0008,Jacques_Chirac
image_0009,Jacques_Chirac
image_0010,Jacques_Chirac
image_0011,Jacques_Chirac
image_0012,Jacques_Chirac
image_0013,Jacques_Chirac
image_0014,Jacques_Chirac
image_0015,Jacques_Chirac
image_0016,Jacques_Chirac
image_0017,Jacques_Chirac
image_0018,Jacques_Chirac
image_0019,Jacques_Chirac
image_0020,Jacques_Chirac
image_0021,Jacques_Chirac
image_0022,Jacques_Chirac
image_0023,Jacques_Chirac
image_0024,Jacques_Chirac
image_0025,Jacques_Chirac
image_0026,Jacques_Chirac
image_0027,Jacques_Chirac
image_0028,Jacques_Chirac
image_0029,Jacques_Chirac
image_0030,Jacques_Chirac
image_0031,Jacques_Chirac
image_0032,Jacques_Chirac
image_0033,Jacques_Chirac
image_0034,Jacques_Chirac
image_0035,Jacques_Chirac
image_0036,Jacques_Chirac
image_0037,Jacques_Chirac
image_0038,Jacques_Chirac
image_0039,Jacques_Chirac
image_0040,Jacques_Chirac
image_0041,Jacques_Chirac
image_0042,Jacques_Chirac
image_0043,Jacques_Chirac
image_0044,Jacques_Chirac
image_0045,Jacques_Chirac
image_0046,Jacques_Chirac
image_0047,Jacques_Chirac
image_0048,Jacques_Chirac
image_0049,Jacques_Chirac
image_0050,Jacques_Chirac
image_0051,Jacques_Chirac
image_0052,Jacques_Chirac
image_0006,Jean_Chretien
image_0007,Jean_Chretien
image_0008,Jean_Chretien
image_0009,Jean_Chretien
image_0010,Jean_Chretien
image_0011,Jean_Chretien
image_0012,Jean_Chretien
image_0013,Jean_Chretien
image_0014,Jean_Chretien
image_0015,Jean_Chretien
image_0016,Jean_Chretien
image_0017,Jean_Chretien
image_0018,Jean_Chretien
image_0019,Jean_Chretien
image_0020,Jean_Chretien
image_0021,Jean_Chretien
image_0022,Jean_Chretien
image_0023,Jean_Chretien
image_0024,Jean_Chretien
image_0025,Jean_Chretien
image_0026,Jean_Chretien
image_0027,Jean_Chretien
image_0028,Jean_Chretien
image_0029,Jean_Chretien
image_0030,Jean_Chretien
image_0031,Jean_Chretien
image_0032,Jean_Chretien
image_0033,Jean_Chretien
image_0034,Jean_Chretien
image_0035,Jean_Chretien
image_0036,Jean_Chretien
image_0037,Jean_Chretien
image_0038,Jean_Chretien
image_0039,Jean_Chretien
image_0040,Jean_Chretien
image_0041,Jean_Chretien
image_0042,Jean_Chretien
image_0043,Jean_Chretien
image_0044,Jean_Chretien
image_0045,Jean_Chretien
image_0046,Jean_Chretien
image_0047,Jean_Chretien
image_0048,Jean_Chretien
image_0049,Jean_Chretien
image_0050,Jean_Chretien
image_0051,Jean_Chretien
image_0052,Jean_Chretien
image_0053,Jean_Chretien
image_0054,Jean_Chretien
image_0055,Jean_Chretien
image_0006,Junichiro_Koizumi
image_0007,Junichiro_Koizumi
image_0008,Junichiro_Koizumi
image_0009,Junichiro_Koizumi
image_0010,Junichiro_Koizumi
image_0011,Junichiro_Koizumi
image_0012,Junichiro_Koizumi
image_0013,Junichiro_Koizumi
image_0014,Junichiro_Koizumi
image_0015,Junichiro_Koizumi
image_0016,Junichiro_Koizumi
image_0017,Junichiro_Koizumi
image_0018,Junichiro_Koizumi
image_0019,Junichiro_Koizumi
image_0020,Junichiro_Koizumi
image_0021,Junichiro_Koizumi
image_0022,Junichiro_Koizumi
image_0023,Junichiro_Koizumi
image_0024,Junichiro_Koizumi
image_0025,Junichiro_Koizumi
image_0026,Junichiro_Koizumi
image_0027,Junichiro_Koizumi
image_0028,Junichiro_Koizumi
image_0029,Junichiro_Koizumi
image_0030,Junichiro_Koizumi
image_0031,Junichiro_Koizumi
image_0032,Junichiro_Koizumi
image_0033,Junichiro_Koizumi
image_0034,Junichiro_Koizumi
image_0035,Junichiro_Koizumi
image_0036,Junichiro_Koizumi
image_0037,Junichiro_Koizumi
image_0038,Junichiro_Koizumi
image_0039,Junichiro_Koizumi
image_0040,Junichiro_Koizumi
image_0041,Junichiro_Koizumi
image_0042,Junichiro_Koizumi
image_0043,Junichiro_Koizumi
image_0044,Junichiro_Koizumi
image_0045,Junichiro_Koizumi
image_0046,Junichiro_Koizumi
image_0047,Junichiro_Koizumi
image_0048,Junichiro_Koizumi
image_0049,Junichiro_Koizumi
image_0050,Junichiro_Koizumi
image_0051,Junichiro_Koizumi
image_0052,Junichiro_Koizumi
image_0053,Junichiro_Koizumi
image_0054,Junichiro_Koizumi
image_0055,Junichiro_Koizumi
image_0056,Junichiro_Koizumi
image_0057,Junichiro_Koizumi
image_0058,Junichiro_Koizumi
image_0059,Junichiro_Koizumi
image_0060,Junichiro_Koizumi
image_0006,Tony_Blair
image_0007,Tony_Blair
image_0008,Tony_Blair
image_0009,Tony_Blair
image_0010,Tony_Blair
image_0011,Tony_Blair
image_0012,Tony_Blair
image_0013,Tony_Blair
image_0014,Tony_Blair
image_0015,Tony_Blair
image_0016,Tony_Blair
image_0017,Tony_Blair
image_0018,Tony_Blair
image_0019,Tony_Blair
image_0020,Tony_Blair
image_0021,Tony_Blair
image_0022,Tony_Blair
image_0023,Tony_Blair
image_0024,Tony_Blair
image_0025,Tony_Blair
image_0026,Tony_Blair
image_0027,Tony_Blair
image_0028,Tony_Blair
image_0029,Tony_Blair
image_0030,Tony_Blair
image_0031,Tony_Blair
image_0032,Tony_Blair
image_0033,Tony_Blair
image_0034,Tony_Blair
image_0035,Tony_Blair
image_0036,Tony_Blair
image_0037,Tony_Blair
image_0038,Tony_Blair
image_0039,Tony_Blair
image_0040,Tony_Blair
image_0041,Tony_Blair
image_0042,Tony_Blair
image_0043,Tony_Blair
image_0044,Tony_Blair
image_0045,Tony_Blair
image_0046,Tony_Blair
image_0047,Tony_Blair
image_0048,Tony_Blair
image_0049,Tony_Blair
image_0050,Tony_Blair
image_0051,Tony_Blair
image_0052,Tony_Blair
image_0053,Tony_Blair
image_0054,Tony_Blair
image_0055,Tony_Blair
image_0056,Tony_Blair
image_0057,Tony_Blair
image_0058,Tony_Blair
image_0059,Tony_Blair
image_0060,Tony_Blair
image_0061,Tony_Blair
image_0062,Tony_Blair
image_0063,Tony_Blair
image_0064,Tony_Blair
image_0065,Tony_Blair
image_0066,Tony_Blair
image_0067,Tony_Blair
image_0068,Tony_Blair
image_0069,Tony_Blair
image_0070,Tony_Blair
image_0071,Tony_Blair
image_0072,Tony_Blair
image_0073,Tony_Blair
image_0074,Tony_Blair
image_0075,Tony_Blair
image_0076,Tony_Blair
image_0077,Tony_Blair
image_0078,Tony_Blair
image_0079,Tony_Blair
image_0080,Tony_Blair
image_0081,Tony_Blair
image_0082,Tony_Blair
image_0083,Tony_Blair
image_0084,Tony_Blair
image_0085,Tony_Blair
image_0086,Tony_Blair
image_0087,Tony_Blair
image_0088,Tony_Blair
image_0089,Tony_Blair
image_0090,Tony_Blair
image_0091,Tony_Blair
image_0092,Tony_Blair
image_0093,Tony_Blair
image_0094,Tony_Blair
image_0095,Tony_Blair
image_0096,Tony_Blair
image_0097,Tony_Blair
image_0098,Tony_Blair
image_0099,Tony_Blair
image_0100,Tony_Blair
image_0101,Tony_Blair
image_0102,Tony_Blair
image_0103,Tony_Blair
image_0104,Tony_Blair
image_0105,Tony_Blair
image_0106,Tony_Blair
image_0107,Tony_Blair
image_0108,Tony_Blair
image_0109,Tony_Blair
image_0110,Tony_Blair
image_0111,Tony_Blair
image_0112,Tony_Blair
image_0113,Tony_Blair
image_0114,Tony_Blair
image_0115,Tony_Blair
image_0116,Tony_Blair
image_0117,Tony_Blair
image_0118,Tony_Blair
image_0119,Tony_Blair
image_0120,Tony_Blair
image_0121,Tony_Blair
image_0122,Tony_Blair
image_0123,Tony_Blair
image_0124,Tony_Blair
image_0125,Tony_Blair
image_0126,Tony_Blair
image_0127,Tony_Blair
image_0128,Tony_Blair
image_0129,Tony_Blair
image_0130,Tony_Blair
image_0131,Tony_Blair
image_0132,Tony_Blair
image_0133,Tony_Blair
image_0134,Tony_Blair
image_0135,Tony_Blair
image_0136,Tony_Blair
image_0137,Tony_Blair
image_0138,Tony_Blair
image_0139,Tony_Blair
image_0140,Tony_Blair
image_0141,Tony_Blair
image_0142,Tony_Blair
image_0143,Tony_Blair
image_0144,Tony_Blair
image_0006,Vladimir_Putin
image_0007,Vladimir_Putin
image_0008,Vladimir_Putin
image_0009,Vladimir_Putin
image_0010,Vladimir_Putin
image_0011,Vladimir_Putin
image_0012,Vladimir_Putin
image_0013,Vladimir_Putin
image_0014,Vladimir_Putin
image_0015,Vladimir_Putin
image_0016,Vladimir_Putin
image_0017,Vladimir_Putin
image_0018,Vladimir_Putin
image_0019,Vladimir_Putin
image_0020,Vladimir_Putin
image_0021,Vladimir_Putin
image_0022,Vladimir_Putin
image_0023,Vladimir_Putin
image_0024,Vladimir_Putin
image_0025,Vladimir_Putin
image_0026,Vladimir_Putin
image_0027,Vladimir_Putin
image_0028,Vladimir_Putin
image_0029,Vladimir_Putin
image_0030,Vladimir_Putin
image_0031,Vladimir_Putin
image_0032,Vladimir_Putin
image_0033,Vladimir_Putin
image_0034,Vladimir_Putin
image_0035,Vladimir_Putin
image_0036,Vladimir_Putin
image_0037,Vladimir_Putin
image_0038,Vladimir_Putin
image_0039,Vladimir_Putin
image_0040,Vladimir_Putin
image_0041,Vladimir_Putin
image_0042,Vladimir_Putin
image_0043,Vladimir_Putin
image_0044,Vladimir_Putin
image_0045,Vladimir_Putin
image_0046,Vladimir_Putin
image_0047,Vladimir_Putin
image_0048,Vladimir_Putin
image_0049,Vladimir_Putin
